request,response
What are common treatments for seasonal allergies?,"First-line treatments include antihistamines and intranasal corticosteroids.  These effectively manage symptoms like sneezing, itching, and congestion."
How can antihistamines help with allergies?,"Antihistamines block histamine, a chemical released during allergic reactions, reducing symptoms like itchiness, sneezing, and runny nose.  They effectively manage allergy symptoms but may cause drowsiness in some individuals."
When should someone consider allergy shots?,Allergy shots should be considered when symptoms significantly impact quality of life despite optimal medication management.  This is particularly true for moderate to severe allergic rhinitis or conjunctivitis unresponsive to other therapies.
What is immunotherapy for allergies?,"Immunotherapy, or allergy shots, gradually desensitizes your immune system to allergens by introducing increasing doses over time, leading to reduced allergy symptoms.  This process aims to retrain your immune response to specific allergens."
Can decongestants help with nasal allergies?,"Decongestants provide temporary relief from nasal congestion, but prolonged use can worsen symptoms through rebound congestion.  They address a symptom, not the underlying allergic inflammation."
How does nasal corticosteroid spray work?,"Nasal corticosteroids reduce inflammation in the nasal passages by suppressing the activity of inflammatory cells.  This decreases swelling, mucus production, and allergic symptoms like sneezing and itching."
Are natural treatments effective for allergies?,"Some natural remedies offer mild symptom relief, but lack rigorous scientific evidence of efficacy.  For significant allergy control, prescription medications are generally more effective."
When should someone see a doctor for allergy treatment?,"Consult a doctor if allergy symptoms significantly impact your quality of life or daily activities, or if over-the-counter treatments provide no relief.  This is especially important if you suspect a serious allergic reaction."
Can saline nasal sprays treat allergies?,"No, saline nasal sprays don't treat the underlying allergic inflammation.  However, they can help rinse away allergens and irritants, providing temporary symptom relief."
Are allergy eye drops safe to use daily?,"Most over-the-counter allergy eye drops are safe for daily use as directed, but prolonged use of some may cause rebound effects.  Always consult your doctor if symptoms persist or worsen despite treatment."
How can I prevent pollen allergies?,"Complete avoidance is impossible, but minimizing exposure is key.  This involves staying indoors during peak pollen times, using air filters, and showering before bed to remove pollen."
What steps reduce dust mite exposure?,"Encase your mattress, pillows, and box spring in allergen-impermeable covers, and wash bedding weekly in hot water.  Regularly vacuum carpets and upholstered furniture using a HEPA filter vacuum."
How to prevent mold allergies indoors?,"Maintain low humidity levels using dehumidifiers and proper ventilation.  Regularly clean and inspect areas prone to mold growth, such as bathrooms and basements."
How can pets trigger allergies and how to prevent them?,"Pet dander, containing proteins that trigger allergic reactions, is the primary culprit.  Minimizing pet exposure through regular grooming, air filtration, and restricting pet access to bedrooms can significantly reduce symptoms."
What outdoor precautions help prevent allergies?,Check pollen forecasts daily and adjust outdoor activities accordingly;  Minimize exposure during peak pollen hours (typically early morning and late afternoon).
Can air purifiers help prevent allergies?,"Yes, HEPA air purifiers can significantly reduce airborne allergens indoors, mitigating allergy symptoms.  However, they don't eliminate outdoor allergens and should be used in conjunction with other preventative measures."
What home cleaning tips help allergy prevention?,Regularly dust and vacuum using HEPA-filtered appliances to remove allergens.  Consider using damp cloths for dusting to minimize airborne particles.
How can wearing masks reduce allergy exposure?,"Masks act as a physical barrier, reducing the inhalation of airborne allergens like pollen and mold spores.  This significantly decreases allergen contact with the nasal passages and eyes, mitigating allergy symptoms."
"When is allergy season, and how to prepare?","Allergy season varies geographically, typically spring for trees, summer for grasses, and fall for weeds.  Preparation involves identifying your specific allergens and preemptively using medication like antihistamines or nasal corticosteroids."
Can diet changes help prevent allergies?,"While eliminating common allergens from the diet may reduce symptom severity in some individuals with food allergies, it's not a preventative measure for seasonal or other inhalant allergies.  Dietary changes are unlikely to prevent the development of allergic rhinitis or conjunctivitis."
What is loratadine used for?,"Loratadine is a second-generation antihistamine used to relieve symptoms of allergic rhinitis and urticaria.  It effectively reduces sneezing, itching, runny nose, and hives."
How does cetirizine help allergy symptoms?,"Cetirizine is a second-generation antihistamine that blocks histamine receptors, preventing histamine from binding and thus reducing allergy symptoms like itching, sneezing, and runny nose/eyes.  This effectively alleviates inflammation associated with allergic reactions."
What are the side effects of using nasal sprays?,"Common side effects include nasal dryness, burning, and irritation.  Prolonged use of some sprays can cause rebound congestion."
When should someone use an EpiPen for allergies?,"An EpiPen is for use only in cases of a severe allergic reaction (anaphylaxis), characterized by symptoms like difficulty breathing, swelling of the throat or tongue, or a rapid drop in blood pressure.  It should be administered immediately and emergency services contacted afterward."
Is it safe to use antihistamines daily?,"Daily antihistamine use is generally safe for most adults, but long-term use may have side effects like drowsiness or dry mouth;  discuss concerns with your doctor."
Can allergy medications cause drowsiness?,"Yes, some allergy medications, particularly first-generation antihistamines like diphenhydramine (Benadryl), are known to cause drowsiness.  Second-generation antihistamines are less likely to produce this side effect."
What is the role of corticosteroids in allergy management?,"Corticosteroids reduce inflammation in allergic rhinitis and conjunctivitis, relieving symptoms like swelling, itching, and discharge.  They're potent anti-inflammatory agents, but long-term use requires careful monitoring for potential side effects."
Are over-the-counter allergy medications effective?,"Yes, many OTC medications effectively manage mild to moderate allergy symptoms.  However,  for severe symptoms or persistent issues, prescription medications may be necessary."
When should prescription allergy meds be considered?,"Prescription medications are warranted when over-the-counter treatments fail to provide adequate relief or symptoms are severe, impacting daily life.  This includes persistent, debilitating symptoms like significant nasal congestion, eye inflammation, or sleep disruption."
What is the difference between first and second-generation antihistamines?,"First-generation antihistamines readily cross the blood-brain barrier, causing drowsiness; second-generation antihistamines are less likely to cause sedation due to limited central nervous system penetration.  This makes second-generation antihistamines generally preferred for daytime use."
What are common triggers for seasonal allergies?,"Common triggers include pollens from trees, grasses, and weeds, varying by geographic location and season.  Mold spores, also prevalent outdoors, are another significant seasonal allergen."
How does pollen trigger allergy symptoms?,"Pollen grains, inhaled and containing allergens, bind to IgE antibodies on mast cells in nasal and eye mucosa.  This triggers mast cell degranulation, releasing histamine and other inflammatory mediators causing allergic symptoms."
Can dust mites cause allergic reactions?,"Yes, dust mites are a common allergen.  Their feces and body parts are potent triggers for allergic rhinitis and conjunctivitis."
What role does pet dander play in allergies?,"Pet dander, composed of skin flakes and proteins, is a potent allergen for many.  Inhalation of these particles triggers allergic reactions in susceptible individuals, leading to symptoms affecting the eyes and nose."
Can mold exposure cause allergies?,"Yes, mold exposure is a common allergen.  Inhalation of mold spores can trigger allergic reactions affecting both the eyes and nose."
How do cockroaches trigger allergic reactions?,"Cockroach allergens, primarily proteins found in their feces and body parts, become airborne.  Inhaling these allergens triggers an immune response in susceptible individuals, leading to allergic symptoms."
Can weather changes act as allergy triggers?,"Yes, fluctuating temperatures, humidity, and barometric pressure can exacerbate allergy symptoms.  These changes can affect pollen dispersal and allergen levels in the air."
Are certain foods linked to respiratory allergies?,"Yes,  some foods share similar protein structures to pollen, triggering cross-reactivity in susceptible individuals. This phenomenon, known as oral allergy syndrome, often manifests as itching and swelling in the mouth but can sometimes involve respiratory symptoms."
How does air pollution impact allergies?,"Air pollution exacerbates existing allergies by acting as an irritant and inflammatory agent, worsening symptoms like eye and nasal itching and congestion.  Pollutants can also increase allergen levels and sensitize individuals to new allergens."
Can strong scents like perfumes trigger allergies?,"Yes, strong scents can trigger allergic reactions in sensitive individuals, causing symptoms like eye irritation and rhinitis.  These reactions are often mediated by irritants rather than true IgE-mediated allergies."
What are signs of eye allergies?,"Itching, redness, swelling, and watery eyes are common.  You may also experience burning, blurry vision, or dark circles under the eyes."
Why do eyes itch during allergy season?,"Histamine release from mast cells in the conjunctiva, triggered by allergens, causes itching.  This inflammatory response is a key component of allergic conjunctivitis."
How do eye allergies differ from pink eye?,"Allergic conjunctivitis, affecting the eye's conjunctiva, is triggered by allergens; pink eye (conjunctivitis) encompasses various causes, including bacterial or viral infections, and is often more intensely inflammatory.  Treatment differs significantly, targeting allergens for allergies and infection for pink eye."
What allergens usually cause eye symptoms?,"Pollen from trees, grasses, and weeds are common culprits, along with pet dander, dust mites, and molds.  These allergens trigger an inflammatory response in the conjunctiva, leading to itchy, watery eyes."
Can contact lenses worsen eye allergy symptoms?,"Yes, contact lenses can trap allergens against the eye, exacerbating symptoms like itching and redness.  Consider daily disposables or switching to glasses during allergy season."
What are common treatments for eye allergies?,"First-line treatments include antihistamine eye drops, providing rapid relief from itching and redness.  For more persistent symptoms, mast cell stabilizers or a combination therapy may be necessary."
Can eye allergies cause blurred vision?,"Yes, significant allergic conjunctivitis can cause blurred vision due to swelling and excessive tearing.  This usually resolves with appropriate treatment."
Are eye allergy symptoms worse indoors or outdoors?,"It depends on the allergen.  Outdoor allergens like pollen typically worsen symptoms outdoors, while indoor allergens like pet dander may be worse indoors."
How can you tell if you have an eye allergy or infection?,"Allergic conjunctivitis typically presents with itching, redness, and watery discharge without significant pus.  Infections often involve thicker, yellow-green discharge, more pain, and potentially impaired vision."
When should someone see a doctor for eye allergies?,"Seek medical attention if your eye allergy symptoms are severe, unresponsive to over-the-counter treatments, or accompanied by vision changes, intense pain, or secondary infection signs.  This ensures proper diagnosis and management to prevent complications."
What are typical nose symptoms of allergies?,"Typical nasal allergy symptoms include itching, sneezing, runny nose with clear mucus, and nasal congestion.  These can be accompanied by a loss of smell."
How does allergic rhinitis cause a runny nose?,"Allergic rhinitis triggers mast cells in the nasal lining to release histamine.  Histamine increases vascular permeability, leading to fluid leakage and a runny nose."
Why do allergies cause nasal congestion?,"Allergens trigger mast cell degranulation in the nasal mucosa, releasing histamine and other inflammatory mediators.  This causes vasodilation and increased mucus production, leading to congestion."
Can allergies cause loss of smell?,"Yes, allergic rhinitis, or hay fever, can significantly impair smell due to nasal inflammation and congestion blocking olfactory receptors.  This loss of smell, or hyposmia, is often temporary and resolves with allergy treatment."
Do nose symptoms vary between indoor and outdoor allergens?,"Yes, significantly.  Indoor allergens like dust mites cause more persistent, year-round symptoms, while outdoor pollen triggers seasonal, episodic reactions."
What triggers sneezing fits in allergies?,"Histamine release from mast cells in the nasal mucosa, triggered by allergen exposure, causes sneezing.  This inflammatory response is the body's attempt to expel the irritant."
How can postnasal drip result from allergies?,"Allergic rhinitis causes inflammation in the nasal passages, increasing mucus production.  This excess mucus then drains down the back of the throat, leading to postnasal drip."
Why do some people get nosebleeds during allergy season?,"Increased nasal inflammation from allergies causes fragile blood vessels in the nasal lining to rupture easily.  This heightened sensitivity, combined with frequent nose blowing, increases the likelihood of nosebleeds."
When is a runny nose likely from allergies vs. a cold?,"Allergic rhinitis typically presents with clear, watery discharge and itchy eyes, whereas a cold often involves thicker, colored mucus and systemic symptoms like fever or body aches.  Further evaluation is needed to differentiate definitively."
Can chronic nasal symptoms indicate underlying allergies?,"Yes, persistent nasal congestion, itching, or rhinorrhea strongly suggest allergic rhinitis.  Further evaluation, including allergy testing, is necessary for definitive diagnosis and management."
What does a score of 1 mean for my allergy symptoms?,"A score of 1 typically indicates minimal or mild allergy symptoms.  This suggests your allergic reaction is relatively controlled, but ongoing monitoring is advised."
"If I score 2 on my allergy log, what should I do?","A score of 2 suggests mild symptoms; continue monitoring your symptoms and consider over-the-counter antihistamines or nasal saline spray.  If symptoms worsen or persist, schedule an appointment for further evaluation."
What does a score of 3 indicate in the allergy diary?,"A score of 3 on an allergy diary typically represents moderate symptoms.  This suggests a noticeable impact on daily activities, warranting further assessment or treatment adjustments."
How severe is a score of 4 on the allergy scale?,A score of 4 on an allergy scale indicates moderate allergic symptoms.  This suggests significant discomfort and may warrant further investigation or treatment adjustment.
What does a score of 5 represent in allergy tracking?,"A score of 5 typically represents severe allergic symptoms, necessitating immediate attention and potential adjustment of treatment.  This indicates significant impact on daily life and warrants a consultation."
"If my score is 6, how serious is my condition?","A score of 6 on an allergy test indicates moderate allergic sensitization.  Further investigation, including specific IgE testing and symptom assessment, is needed to determine the severity of your condition."
What does it mean if I score 7 for allergy symptoms?,"A score of 7 indicates moderately severe allergic symptoms impacting your quality of life.  Further investigation, including allergy testing, is recommended to identify triggers and develop a treatment plan."
Is a score of 8 considered a severe allergy reaction?,"No, an isolated score of 8 on a single allergy test does not indicate a severe reaction.  Severity depends on the specific test used, clinical symptoms, and overall patient presentation."
What does a score of 9 imply for my allergy severity?,A score of 9 on an allergy severity scale indicates significant allergic symptoms impacting your quality of life.  This warrants further investigation and likely requires a tailored treatment plan.
"If I score 10, what should I be concerned about?","A score of 10 on an allergy test indicates significant sensitization.  This warrants further investigation, likely including allergy testing and potentially immunotherapy."
What should I do if my symptoms worsen in the afternoon?,Afternoon symptom worsening suggests outdoor allergen exposure.  Consider adjusting medication timing or using preventative measures like wearing glasses outdoors.
How should I adjust allergy treatment if symptoms worsen at night?,"Nighttime symptom worsening suggests inadequate daytime medication or allergen exposure in the bedroom.  Consider increasing your current medication dose or adding a nighttime dose, and improve bedroom hygiene by using allergen-impermeable covers and air purifiers."
"Is morning allergy worse, and how should I respond?",Morning allergy exacerbation is common due to pollen settling overnight.  Pre-medicate with antihistamines or nasal sprays before arising.
What actions should I take for evening allergy flare-ups?,"Ensure your bedroom is a clean, allergen-free environment;  consider a daily nasal rinse and antihistamine before bed."
What should I do if symptoms spike after outdoor activity?,"Immediately rinse your eyes and nose with saline solution.  Then, take your prescribed antihistamine or other allergy medication as directed."
How to respond if symptoms get worse during sleep?,"Elevated allergen exposure in your bedroom is likely;  improve bedroom hygiene, including regular vacuuming and encasing bedding in allergen-impermeable covers."
What should I do if my allergy is worse right after waking up?,"This suggests allergen exposure in your bedroom.  Address dust mites, pet dander, and mold with appropriate bedding and cleaning protocols."
How can weather changes during the day affect allergy management?,"Fluctuating temperatures and humidity throughout the day can alter pollen and allergen levels, impacting symptom severity.  Careful monitoring of weather forecasts and adjusting medication accordingly is crucial for optimal management."
What should I do if I experience symptom flare-up during exercise?,Pre-medicate with your prescribed allergy medication 30-60 minutes before exercising.  Consider an indoor workout or adjusting your exercise schedule to avoid peak pollen times.
How quickly should I take medication if symptoms suddenly worsen?,Take medication immediately upon symptom worsening.  Failure to do so may lead to increased discomfort and potentially more severe reactions.
How do I start using the Dayllergist app?,"Download the Dayllergist app from your app store.  After installation, create a profile and follow the on-screen instructions to begin using its features."
How can I log today's symptoms in Dayllergist?,"Open the Dayllergist app and select ""Add New Entry.""  Then, input today's date and record your symptoms using the provided options and severity scales."
Where do I check my allergy history on Dayllergist?,"Your Dayllergist allergy history is accessible through your personal profile, usually under a tab labeled ""Medical History"" or ""Allergy Record.""  This section will detail your past allergy tests, diagnoses, and treatment plans."
How do I redeem a token to chat with a doctor?,That's not a question related to allergies or eye/nose conditions.  Please contact your healthcare provider or the organization that issued the token for redemption instructions.
What is the symptom severity scale in the app?,"The app uses a 0-10 scale, with 0 representing no symptoms and 10 representing the most severe symptoms imaginable.  This allows for tracking symptom fluctuation and treatment effectiveness."
How do I update my daily allergy log if I made a mistake?,"Simply cross out the incorrect entry with a single line, ensuring it remains legible.  Then, write the correct information next to it, initialing and dating the correction."
Where can I see air quality information inside the app?,Many weather apps include real-time air quality indices (AQI).  Check your app's weather or environmental section for pollen counts and pollutants.
How do I know if my log was successfully saved?,That question is outside the scope of allergy and immunology.  Please consult your computer's operating system documentation or help files for assistance.
How can I track my symptom trends over time?,"Maintain a detailed allergy diary noting symptom severity, triggers, and medications used daily.  This allows for identification of patterns and effective treatment adjustments."
How do I edit my profile information in Dayllergist?,That function is not within my purview as a medical professional.  Please consult Dayllergist's help section or customer support for assistance with profile edits.
What should I do if I have trouble breathing during an allergy attack?,Use your rescue inhaler immediately.  Seek immediate medical attention if breathing doesn't improve or worsens.
When should I use my EpiPen during an allergic reaction?,"Use your EpiPen immediately if you experience symptoms of a severe allergic reaction, such as difficulty breathing, swelling of the throat or tongue, or a rapid drop in blood pressure.  Call emergency services simultaneously; the EpiPen is a first-aid measure, not a replacement for emergency medical care."
What are signs that I should go to the emergency room for allergies?,"Difficulty breathing, swelling of the face or throat, or a rapid heartbeat warrant immediate emergency room attention.  These could indicate a severe allergic reaction requiring immediate medical intervention."
Can severe allergy symptoms cause anaphylaxis?,"While severe allergic reactions involving the eyes and nose are distressing, they rarely progress to anaphylaxis on their own. Anaphylaxis typically requires a systemic allergic response, not solely localized symptoms."
When is it too risky to treat allergy symptoms at home?,"Home treatment is insufficient if symptoms are severe, impacting breathing or vision.  Seek immediate medical attention for severe reactions, including anaphylaxis."
Should I call 911 if I have swelling in my throat?,"Yes, throat swelling can indicate a severe allergic reaction.  Immediate medical attention is crucial to prevent airway obstruction."
What should I do if over-the-counter meds don't stop my allergy symptoms?,"Schedule an appointment for a comprehensive allergy evaluation.  We can identify specific allergens and discuss more effective treatment options, including prescription medications or immunotherapy."
How fast can an allergic reaction become life-threatening?,"Anaphylaxis, a life-threatening allergic reaction, can develop within minutes of exposure to the allergen.  Symptoms like difficulty breathing and swelling of the throat necessitate immediate emergency medical attention."
What if I don't have an EpiPen but show signs of anaphylaxis?,Call emergency services immediately.  Anaphylaxis requires immediate medical attention;  delay can be life-threatening.
What are emergency signs of a severe allergic reaction?,"Difficulty breathing, swelling of the throat or tongue, and a rapid, weak pulse are critical signs.  Seek immediate medical attention if these symptoms appear."
How do I give feedback about today's symptom log?,Please email your completed symptom log to the clinic.  We will review it and contact you to discuss the findings and next steps.
What should I do if my symptom log entry feels inaccurate?,"Review your symptoms carefully, noting any discrepancies between your record and your current experience.  If significant inconsistencies remain, schedule a follow-up appointment for clarification and potential adjustment of your treatment plan."
How do I update feedback about my allergy symptoms after saving?,Your initial allergy symptom assessment serves as a baseline.  Schedule a follow-up appointment to discuss any changes or if symptoms worsen despite treatment.
Can I delete a symptom log if I entered it wrong?,"No, do not delete it.  Instead, add a new entry correcting the mistake, noting the original entry was in error."
How do I report issues with the symptom tracking feature?,Please contact the app developer or website administrator directly using the provided contact information.  Their support team can best address technical issues with the symptom tracking feature.
What information is needed when giving feedback about a log?,"I need specifics on symptom timing, severity (scale of 1-10), triggers suspected, and any treatments used and their effectiveness.  This allows for accurate assessment of allergy patterns and management adjustments."
Can I leave comments when submitting symptom feedback?,"Yes, detailed comments are helpful for accurate diagnosis.  Include specifics about timing, severity, and any associated factors."
How do I suggest improvements for the symptom logging system?,"Enhance the system to include severity scales for each symptom (e.g., itching on a 1-10 scale).  Add fields for environmental triggers and correlate symptom onset with potential exposures for better diagnosis."
Where can I find past feedback I sent in the app?,"Unfortunately, I have no access to patient data or app functionality.  Contact the app's support team for assistance retrieving your feedback."
Can I edit my feedback after submitting it?,"No, once submitted, feedback cannot be altered.  This ensures the integrity and finality of the assessment process."
What is PM2.5 and why is it important for allergies?,"PM2.5 refers to particulate matter smaller than 2.5 micrometers in diameter; these tiny particles can easily penetrate the lungs and nasal passages, triggering inflammatory responses in allergy sufferers, worsening symptoms like rhinitis and conjunctivitis.  Their small size allows deep penetration, increasing the severity and duration of allergic reactions."
How does poor air quality affect allergy symptoms?,"Pollutants exacerbate existing allergies by irritating mucous membranes and increasing inflammation, worsening symptoms like eye itching, nasal congestion, and sneezing.  Higher particulate matter levels also act as allergen carriers, increasing exposure."
What is AQI and how should I interpret it for allergies?,"AQI, or Air Quality Index, measures airborne pollutants.  Higher AQI values indicate increased allergen levels, potentially worsening allergy symptoms."
At what AQI level should I stay indoors?,"For individuals with sensitive eyes and noses, it's advisable to remain indoors when the Air Quality Index (AQI) surpasses 100.  Prolonged exposure above this level can significantly worsen allergy symptoms."
Can wearing a mask help with high PM2.5 exposure?,"Yes, an N95 mask significantly reduces PM2.5 inhalation.  This minimizes particulate matter reaching your eyes and nasal passages, reducing allergy symptoms."
How can I track real-time air quality on Dayllergist?,Dayllergist does not offer real-time air quality tracking.  Consult a reliable weather app or your local air quality agency for that information.
What outdoor activities should I avoid during poor air quality days?,"Avoid strenuous outdoor activities that increase your respiratory rate, exacerbating allergen inhalation. Opt for indoor activities or postpone outdoor exercise until air quality improves."
How does air pollution worsen allergic asthma?,"Air pollution exacerbates allergic asthma by increasing airway inflammation and hyperresponsiveness.  Irritants in pollution trigger mast cell degranulation, releasing inflammatory mediators that constrict airways."
What should I do if air quality suddenly worsens during the day?,"Immediately move indoors to a climate-controlled space with good air filtration.  If symptoms are severe despite this, consider using a rescue inhaler or contacting your doctor."
Does rain improve or worsen air quality for allergy sufferers?,"Rain initially washes pollen from the air, improving air quality.  However, subsequent humidity can trigger mold spore release, potentially worsening symptoms for some."
